,cell_1,cell_2,tension,type,distance_to_boundary
4,cell_9,cell_12,15.068040966088349,Midbrain_awayfrom_boundary,5
7,cell_10,cell_12,67.24518597127079,Midbrain_awayfrom_boundary,4
8,cell_10,cell_34,72.00541536362104,Midbrain_awayfrom_boundary,3
9,cell_10,cell_46,16.84197751290851,Midbrain_awayfrom_boundary,4
10,cell_10,cell_62,21.10898793818035,Midbrain_awayfrom_boundary,4
11,cell_12,cell_46,63.3075946704671,Midbrain_awayfrom_boundary,5
12,cell_12,cell_50,73.39447932637435,Midbrain_awayfrom_boundary,5
13,cell_19,cell_20,128.17451020044493,Hindbrain_awayfrom_boundary,1
14,cell_19,cell_25,198.29964066012488,Hindbrain_awayfrom_boundary,2
15,cell_19,cell_32,107.39884768383018,Hindbrain_awayfrom_boundary,2
17,cell_20,cell_32,187.02395248324123,Hindbrain_awayfrom_boundary,1
18,cell_20,cell_42,99.36921739890175,Hindbrain_awayfrom_boundary,1
19,cell_22,cell_29,183.4658654037522,heterotypic,0
22,cell_25,cell_32,153.63290005677777,Hindbrain_awayfrom_boundary,2
23,cell_25,cell_35,107.59788770114956,Hindbrain_awayfrom_boundary,3
24,cell_25,cell_52,128.53457647557167,Hindbrain_awayfrom_boundary,3
25,cell_25,cell_64,103.119184445103,Hindbrain_awayfrom_boundary,3
29,cell_28,cell_34,0.4686745617610106,Midbrain_awayfrom_boundary,3
30,cell_28,cell_60,140.1300407587312,Midbrain_awayfrom_boundary,2
31,cell_28,cell_94,123.82420534418172,Midbrain_awayfrom_boundary,2
32,cell_29,cell_54,15.724088907453051,heterotypic,0
34,cell_32,cell_42,189.1831801526779,Hindbrain_awayfrom_boundary,1
35,cell_32,cell_64,130.09310912876836,Hindbrain_awayfrom_boundary,2
36,cell_32,cell_72,166.03307141424884,Hindbrain_awayfrom_boundary,2
37,cell_32,cell_78,162.78387743561154,Hindbrain_awayfrom_boundary,2
38,cell_34,cell_62,73.11325951002749,Midbrain_awayfrom_boundary,3
39,cell_34,cell_93,153.69525210705777,Midbrain_awayfrom_boundary,3
40,cell_34,cell_94,123.7910233128613,Midbrain_awayfrom_boundary,2
41,cell_35,cell_52,177.90459269334917,Hindbrain_awayfrom_boundary,4
42,cell_35,cell_65,364.9301932783538,Hindbrain_awayfrom_boundary,4
54,cell_42,cell_72,196.58219146077224,Hindbrain_awayfrom_boundary,1
55,cell_42,cell_74,211.91990286288737,Hindbrain_awayfrom_boundary,1
56,cell_44,cell_60,2.4193109386999345,Midbrain_awayfrom_boundary,2
57,cell_44,cell_66,97.23051767330831,Midbrain_awayfrom_boundary,1
58,cell_44,cell_104,145.09552261968298,Midbrain_awayfrom_boundary,1
59,cell_46,cell_50,34.033793927010784,Midbrain_awayfrom_boundary,5
60,cell_46,cell_62,13.441533430550134,Midbrain_awayfrom_boundary,4
61,cell_46,cell_76,12.75676118959138,Midbrain_awayfrom_boundary,4
62,cell_46,cell_98,101.88345622132432,Midbrain_awayfrom_boundary,5
69,cell_50,cell_98,98.15357123411552,Midbrain_awayfrom_boundary,5
71,cell_52,cell_64,232.1298242227381,Hindbrain_awayfrom_boundary,3
72,cell_52,cell_65,416.47083936773,Hindbrain_awayfrom_boundary,4
86,cell_60,cell_94,115.38068693329316,Midbrain_awayfrom_boundary,2
87,cell_60,cell_104,145.67862906490353,Midbrain_awayfrom_boundary,1
90,cell_62,cell_76,7.658430693564198,Midbrain_awayfrom_boundary,4
91,cell_62,cell_93,92.27290567143218,Midbrain_awayfrom_boundary,3
92,cell_64,cell_65,196.7038347374449,Hindbrain_awayfrom_boundary,3
93,cell_64,cell_78,32.74005695364701,Hindbrain_awayfrom_boundary,3
94,cell_64,cell_82,176.73275067354524,Hindbrain_awayfrom_boundary,3
95,cell_65,cell_68,102.64154452643712,Hindbrain_awayfrom_boundary,4
96,cell_65,cell_82,72.27288663368935,Hindbrain_awayfrom_boundary,4
97,cell_65,cell_114,117.03976616887466,Hindbrain_awayfrom_boundary,4
98,cell_65,cell_145,98.72396133436706,Hindbrain_awayfrom_boundary,4
100,cell_66,cell_104,141.04954656012384,Midbrain_awayfrom_boundary,1
101,cell_68,cell_85,0.4724242565188085,Hindbrain_awayfrom_boundary,5
102,cell_68,cell_140,157.8245092978165,Hindbrain_awayfrom_boundary,5
103,cell_68,cell_145,158.2355163845812,Hindbrain_awayfrom_boundary,5
111,cell_72,cell_74,74.55714914359983,Hindbrain_awayfrom_boundary,1
112,cell_72,cell_78,158.8971824522132,Hindbrain_awayfrom_boundary,2
113,cell_72,cell_99,186.2676390476972,Hindbrain_awayfrom_boundary,2
114,cell_72,cell_109,213.7897821934244,Hindbrain_awayfrom_boundary,2
115,cell_74,cell_109,271.4133029026686,Hindbrain_awayfrom_boundary,1
116,cell_74,cell_124,170.92220089113408,Hindbrain_awayfrom_boundary,1
121,cell_76,cell_93,95.6952945074086,Midbrain_awayfrom_boundary,3
122,cell_76,cell_98,115.1054234710936,Midbrain_awayfrom_boundary,4
123,cell_76,cell_127,107.53713158853188,Midbrain_awayfrom_boundary,4
124,cell_78,cell_82,189.5106124739333,Hindbrain_awayfrom_boundary,3
125,cell_78,cell_99,216.1331856822441,Hindbrain_awayfrom_boundary,3
126,cell_78,cell_100,217.2129970739941,Hindbrain_awayfrom_boundary,3
132,cell_82,cell_100,93.91481796219558,Hindbrain_awayfrom_boundary,4
133,cell_82,cell_110,69.90952006928123,Hindbrain_awayfrom_boundary,4
134,cell_82,cell_114,60.66024722442618,Hindbrain_awayfrom_boundary,4
142,cell_87,cell_134,79.57764408512926,Midbrain_awayfrom_boundary,5
151,cell_93,cell_94,116.38394423564276,Midbrain_awayfrom_boundary,2
152,cell_93,cell_127,159.26261873052965,Midbrain_awayfrom_boundary,3
153,cell_93,cell_128,116.7131125169546,Midbrain_awayfrom_boundary,3
154,cell_93,cell_130,130.44803974903633,Midbrain_awayfrom_boundary,3
155,cell_94,cell_104,174.7574336273307,Midbrain_awayfrom_boundary,1
156,cell_94,cell_130,52.27291583843935,Midbrain_awayfrom_boundary,2
157,cell_94,cell_138,55.78590281338968,Midbrain_awayfrom_boundary,1
158,cell_94,cell_155,30.936103699376627,Midbrain_awayfrom_boundary,2
159,cell_94,cell_170,155.5931913477233,Midbrain_awayfrom_boundary,1
164,cell_98,cell_101,102.31098541740629,Midbrain_awayfrom_boundary,5
165,cell_98,cell_127,193.1679205946056,Midbrain_awayfrom_boundary,4
166,cell_98,cell_134,214.11352331437072,Midbrain_awayfrom_boundary,5
167,cell_99,cell_100,127.94418248410489,Hindbrain_awayfrom_boundary,3
168,cell_99,cell_109,100.56413068504156,Hindbrain_awayfrom_boundary,2
169,cell_99,cell_123,85.91856513376378,Hindbrain_awayfrom_boundary,3
170,cell_99,cell_147,108.3759607310151,Hindbrain_awayfrom_boundary,2
171,cell_100,cell_110,28.597132073051235,Hindbrain_awayfrom_boundary,4
172,cell_100,cell_123,39.89690681387671,Hindbrain_awayfrom_boundary,3
173,cell_101,cell_134,199.9664390558741,Midbrain_awayfrom_boundary,5
175,cell_102,cell_132,245.5271192811743,heterotypic,0
177,cell_104,cell_138,159.0163841411204,Midbrain_awayfrom_boundary,1
185,cell_109,cell_124,117.29540472710514,Hindbrain_awayfrom_boundary,1
186,cell_109,cell_147,116.85269470196384,Hindbrain_awayfrom_boundary,2
187,cell_110,cell_114,10.331473099486995,Hindbrain_awayfrom_boundary,4
188,cell_110,cell_123,23.70069450147945,Hindbrain_awayfrom_boundary,3
189,cell_110,cell_167,201.5190298462637,Hindbrain_awayfrom_boundary,3
190,cell_110,cell_175,550.1879256548607,Hindbrain_awayfrom_boundary,4
191,cell_110,cell_196,465.3002709188637,Hindbrain_awayfrom_boundary,4
198,cell_114,cell_145,116.2467358541498,Hindbrain_awayfrom_boundary,5
199,cell_114,cell_175,549.9554234207646,Hindbrain_awayfrom_boundary,5
200,cell_114,cell_182,155.800812687603,Hindbrain_awayfrom_boundary,5
210,cell_123,cell_147,118.22117656652205,Hindbrain_awayfrom_boundary,2
211,cell_123,cell_167,182.93880882260305,Hindbrain_awayfrom_boundary,3
213,cell_124,cell_147,2.0655114514584487,Hindbrain_awayfrom_boundary,1
214,cell_124,cell_169,0.696694401590083,Hindbrain_awayfrom_boundary,1
216,cell_124,cell_194,122.29093940976522,Hindbrain_awayfrom_boundary,1
217,cell_127,cell_128,119.7789289682774,Midbrain_awayfrom_boundary,4
218,cell_127,cell_134,278.5172503889093,Midbrain_awayfrom_boundary,4
219,cell_128,cell_130,13.013408638338472,Midbrain_awayfrom_boundary,3
220,cell_128,cell_153,11.336012487012766,Midbrain_awayfrom_boundary,4
224,cell_130,cell_153,25.85125115902567,Midbrain_awayfrom_boundary,3
225,cell_130,cell_155,28.05800688181644,Midbrain_awayfrom_boundary,2
226,cell_130,cell_197,33.23302406611613,Midbrain_awayfrom_boundary,3
227,cell_131,cell_134,80.22093912042529,Midbrain_awayfrom_boundary,5
231,cell_132,cell_150,237.1278519037369,heterotypic,0
238,cell_134,cell_162,582.4547824771615,Midbrain_awayfrom_boundary,5
242,cell_138,cell_170,156.2219908318449,Midbrain_awayfrom_boundary,1
246,cell_140,cell_145,25.88355568719889,Hindbrain_awayfrom_boundary,5
256,cell_145,cell_182,100.55418665068927,Hindbrain_awayfrom_boundary,5
257,cell_145,cell_184,270.51866779463273,Hindbrain_awayfrom_boundary,5
260,cell_147,cell_167,233.66315592034368,Hindbrain_awayfrom_boundary,2
261,cell_147,cell_169,1.811155850679596,Hindbrain_awayfrom_boundary,2
262,cell_147,cell_195,25.039097371496943,Hindbrain_awayfrom_boundary,2
270,cell_150,cell_159,228.30223190391985,heterotypic,0
274,cell_153,cell_197,11.459384370002605,Midbrain_awayfrom_boundary,3
275,cell_153,cell_200,259.464907472303,Midbrain_awayfrom_boundary,4
276,cell_155,cell_170,154.46326776621606,Midbrain_awayfrom_boundary,1
277,cell_155,cell_197,46.26697423373943,Midbrain_awayfrom_boundary,2
278,cell_155,cell_214,198.64953276220533,Midbrain_awayfrom_boundary,2
279,cell_155,cell_230,258.8475285188287,Midbrain_awayfrom_boundary,2
283,cell_159,cell_168,136.90100583742506,heterotypic,0
285,cell_162,cell_198,720.2406413009071,Midbrain_awayfrom_boundary,5
294,cell_167,cell_195,220.574137816025,Hindbrain_awayfrom_boundary,3
295,cell_167,cell_196,627.4615679048388,Hindbrain_awayfrom_boundary,3
297,cell_168,cell_171,89.8252707376708,heterotypic,0
298,cell_168,cell_194,113.9792465468856,heterotypic,0
300,cell_168,cell_219,174.7444288174526,heterotypic,0
302,cell_169,cell_194,122.50011592649932,Hindbrain_awayfrom_boundary,1
303,cell_169,cell_195,25.92515048445121,Hindbrain_awayfrom_boundary,2
304,cell_169,cell_228,102.79587912082624,Hindbrain_awayfrom_boundary,2
305,cell_170,cell_199,143.9613225962483,Midbrain_awayfrom_boundary,1
306,cell_170,cell_214,266.28337321022207,Midbrain_awayfrom_boundary,1
311,cell_175,cell_182,541.5911106350924,Hindbrain_awayfrom_boundary,5
312,cell_175,cell_196,839.7766244200382,Hindbrain_awayfrom_boundary,4
313,cell_175,cell_211,658.3112781258393,Hindbrain_awayfrom_boundary,5
314,cell_175,cell_212,681.3272925847149,Hindbrain_awayfrom_boundary,5
335,cell_194,cell_224,196.53543899253205,Hindbrain_awayfrom_boundary,1
336,cell_194,cell_228,132.4483354647427,Hindbrain_awayfrom_boundary,1
337,cell_195,cell_196,425.7987398815545,Hindbrain_awayfrom_boundary,3
338,cell_195,cell_228,99.99133481440684,Hindbrain_awayfrom_boundary,2
339,cell_195,cell_235,213.0063101654524,Hindbrain_awayfrom_boundary,3
340,cell_195,cell_259,104.28734441766991,Hindbrain_awayfrom_boundary,3
341,cell_196,cell_212,389.39986663371167,Hindbrain_awayfrom_boundary,4
342,cell_196,cell_235,391.2553106497297,Hindbrain_awayfrom_boundary,4
343,cell_197,cell_200,252.5714168190365,Midbrain_awayfrom_boundary,3
344,cell_197,cell_226,227.1337245568483,Midbrain_awayfrom_boundary,3
345,cell_197,cell_230,264.2313017963921,Midbrain_awayfrom_boundary,3
346,cell_198,cell_200,67.28446431451464,Midbrain_awayfrom_boundary,4
347,cell_198,cell_225,286.5424377391338,Midbrain_awayfrom_boundary,5
348,cell_198,cell_243,309.1943495513865,Midbrain_awayfrom_boundary,5
349,cell_199,cell_214,107.69640989295289,Midbrain_awayfrom_boundary,1
351,cell_199,cell_264,166.87621623051558,Midbrain_awayfrom_boundary,1
352,cell_200,cell_226,281.2389726267535,Midbrain_awayfrom_boundary,4
353,cell_200,cell_236,280.1934400844633,Midbrain_awayfrom_boundary,4
354,cell_200,cell_243,350.06039138018343,Midbrain_awayfrom_boundary,4
370,cell_211,cell_212,204.02029698489108,Hindbrain_awayfrom_boundary,5
372,cell_211,cell_253,161.43938277262376,Hindbrain_awayfrom_boundary,5
375,cell_212,cell_235,1.538615327833009,Hindbrain_awayfrom_boundary,4
376,cell_212,cell_253,169.0804483612682,Hindbrain_awayfrom_boundary,5
377,cell_214,cell_230,165.7904961378417,Midbrain_awayfrom_boundary,2
378,cell_214,cell_250,138.75830914512116,Midbrain_awayfrom_boundary,2
379,cell_214,cell_264,165.7795833305466,Midbrain_awayfrom_boundary,1
387,cell_219,cell_244,169.5603471929387,heterotypic,0
395,cell_224,cell_228,151.9560769052341,Hindbrain_awayfrom_boundary,1
396,cell_224,cell_251,254.42935654591187,Hindbrain_awayfrom_boundary,1
397,cell_225,cell_243,292.9475057491127,Midbrain_awayfrom_boundary,5
398,cell_226,cell_230,131.76211293010357,Midbrain_awayfrom_boundary,3
399,cell_226,cell_236,1.5372285700496906,Midbrain_awayfrom_boundary,4
400,cell_226,cell_273,127.11682330846976,Midbrain_awayfrom_boundary,4
401,cell_228,cell_251,151.3912194794356,Hindbrain_awayfrom_boundary,1
402,cell_228,cell_259,114.50395962803192,Hindbrain_awayfrom_boundary,2
403,cell_228,cell_291,235.73364692220576,Hindbrain_awayfrom_boundary,2
404,cell_230,cell_250,53.66000026436196,Midbrain_awayfrom_boundary,3
405,cell_230,cell_273,7.896251802777252,Midbrain_awayfrom_boundary,3
413,cell_235,cell_253,170.16392499834558,Hindbrain_awayfrom_boundary,4
414,cell_235,cell_259,244.364878023922,Hindbrain_awayfrom_boundary,3
415,cell_235,cell_262,141.29076432532943,Hindbrain_awayfrom_boundary,4
416,cell_236,cell_243,144.14574324832674,Midbrain_awayfrom_boundary,5
421,cell_244,cell_251,148.49298411705055,heterotypic,0
423,cell_244,cell_274,188.9682452934476,heterotypic,0
428,cell_250,cell_273,58.49428649750382,Midbrain_awayfrom_boundary,3
430,cell_251,cell_280,263.9872293876763,Hindbrain_awayfrom_boundary,1
431,cell_251,cell_291,376.2990136615875,Hindbrain_awayfrom_boundary,1
432,cell_253,cell_258,28.356123661416312,Hindbrain_awayfrom_boundary,5
433,cell_253,cell_262,113.32753441334992,Hindbrain_awayfrom_boundary,4
434,cell_253,cell_302,35.49077596483662,Hindbrain_awayfrom_boundary,5
435,cell_253,cell_307,115.13317893554635,Hindbrain_awayfrom_boundary,4
445,cell_258,cell_302,17.54324394799169,Hindbrain_awayfrom_boundary,5
446,cell_259,cell_262,193.99018151397493,Hindbrain_awayfrom_boundary,3
447,cell_259,cell_287,114.30271114225596,Hindbrain_awayfrom_boundary,3
448,cell_259,cell_291,211.0052684623089,Hindbrain_awayfrom_boundary,2
451,cell_262,cell_287,160.8110731371817,Hindbrain_awayfrom_boundary,3
452,cell_262,cell_307,143.32778358381125,Hindbrain_awayfrom_boundary,4
466,cell_274,cell_303,343.4007066872458,heterotypic,0
471,cell_280,cell_291,227.9982975169004,Hindbrain_awayfrom_boundary,1
472,cell_280,cell_321,246.64875566167427,Hindbrain_awayfrom_boundary,1
480,cell_284,cell_302,21.971206634450308,Hindbrain_awayfrom_boundary,5
483,cell_287,cell_291,277.3201586984525,Hindbrain_awayfrom_boundary,2
484,cell_287,cell_307,84.8608933554374,Hindbrain_awayfrom_boundary,3
485,cell_287,cell_325,150.94685363804612,Hindbrain_awayfrom_boundary,3
486,cell_287,cell_330,257.6610957989004,Hindbrain_awayfrom_boundary,3
487,cell_287,cell_341,300.02627610626047,Hindbrain_awayfrom_boundary,3
488,cell_287,cell_345,290.3032064778061,Hindbrain_awayfrom_boundary,3
491,cell_291,cell_321,276.0538660386818,Hindbrain_awayfrom_boundary,1
492,cell_291,cell_327,239.0730781234314,Hindbrain_awayfrom_boundary,2
493,cell_291,cell_329,236.1172784111326,Hindbrain_awayfrom_boundary,2
494,cell_291,cell_330,241.682493289462,Hindbrain_awayfrom_boundary,2
497,cell_295,cell_302,43.44209503762884,Hindbrain_awayfrom_boundary,5
507,cell_302,cell_307,97.53328162580986,Hindbrain_awayfrom_boundary,4
508,cell_302,cell_310,111.9335183127782,Hindbrain_awayfrom_boundary,5
509,cell_303,cell_321,425.52121123562574,heterotypic,0
518,cell_307,cell_325,74.55806094732029,Hindbrain_awayfrom_boundary,4
519,cell_307,cell_332,67.77726490246057,Hindbrain_awayfrom_boundary,4
536,cell_321,cell_327,188.07077437894523,Hindbrain_awayfrom_boundary,1
537,cell_321,cell_337,142.75477418129245,Hindbrain_awayfrom_boundary,1
540,cell_325,cell_332,24.45375664663941,Hindbrain_awayfrom_boundary,4
541,cell_325,cell_345,128.56474730879515,Hindbrain_awayfrom_boundary,4
542,cell_325,cell_347,12.836051823470434,Hindbrain_awayfrom_boundary,4
543,cell_325,cell_356,13.175209670714857,Hindbrain_awayfrom_boundary,4
547,cell_327,cell_329,11.463021906736314,Hindbrain_awayfrom_boundary,2
548,cell_327,cell_337,92.29575667562182,Hindbrain_awayfrom_boundary,2
549,cell_329,cell_330,30.551795195219167,Hindbrain_awayfrom_boundary,3
550,cell_329,cell_346,225.4581375705617,Hindbrain_awayfrom_boundary,3
551,cell_330,cell_341,251.7993532000229,Hindbrain_awayfrom_boundary,3
552,cell_330,cell_346,201.45571409409507,Hindbrain_awayfrom_boundary,3
553,cell_332,cell_338,38.34132968830054,Hindbrain_awayfrom_boundary,5
554,cell_332,cell_347,14.76966336616351,Hindbrain_awayfrom_boundary,5
562,cell_338,cell_347,25.56679148673276,Hindbrain_awayfrom_boundary,5
564,cell_341,cell_345,153.70784514598435,Hindbrain_awayfrom_boundary,4
565,cell_341,cell_346,117.9298307458502,Hindbrain_awayfrom_boundary,4
566,cell_341,cell_356,133.24574786949964,Hindbrain_awayfrom_boundary,4
567,cell_341,cell_363,5.8199960696995605,Hindbrain_awayfrom_boundary,4
570,cell_345,cell_356,88.8658605453592,Hindbrain_awayfrom_boundary,4
571,cell_347,cell_352,22.368579893485048,Hindbrain_awayfrom_boundary,5
572,cell_347,cell_356,1.1072794068839458,Hindbrain_awayfrom_boundary,5
575,cell_352,cell_356,21.87945450459031,Hindbrain_awayfrom_boundary,5
580,cell_356,cell_363,134.75483861827877,Hindbrain_awayfrom_boundary,5
581,cell_356,cell_364,115.78537212362288,Hindbrain_awayfrom_boundary,5
584,cell_363,cell_364,199.87407116843528,Hindbrain_awayfrom_boundary,5
593,cell_389,cell_400,124.183664483475,Hindbrain_awayfrom_boundary,3
600,cell_398,cell_435,119.06382746860594,Hindbrain_awayfrom_boundary,5
603,cell_400,cell_421,79.97667262998698,Hindbrain_awayfrom_boundary,2
605,cell_403,cell_416,288.340116913934,heterotypic,0
607,cell_404,cell_421,103.54707147010642,Hindbrain_awayfrom_boundary,1
609,cell_404,cell_432,70.02580809227986,Hindbrain_awayfrom_boundary,1
620,cell_411,cell_429,179.0568154779274,Midbrain_awayfrom_boundary,1
621,cell_411,cell_445,186.71082254053167,Midbrain_awayfrom_boundary,1
627,cell_413,cell_458,192.24767223636155,Midbrain_awayfrom_boundary,5
630,cell_416,cell_424,206.51159582986983,heterotypic,0
633,cell_416,cell_467,273.24508016125105,heterotypic,0
634,cell_416,cell_475,307.5069621596839,heterotypic,0
635,cell_418,cell_431,11.44118824700744,Hindbrain_awayfrom_boundary,3
636,cell_418,cell_435,176.1393780942671,Hindbrain_awayfrom_boundary,4
637,cell_418,cell_463,151.98709590701665,Hindbrain_awayfrom_boundary,4
642,cell_421,cell_432,80.90559773428448,Hindbrain_awayfrom_boundary,1
643,cell_421,cell_440,79.42598168840473,Hindbrain_awayfrom_boundary,2
644,cell_422,cell_444,178.80254153795963,Midbrain_awayfrom_boundary,3
645,cell_422,cell_458,121.31114562909596,Midbrain_awayfrom_boundary,4
646,cell_422,cell_489,161.9347382663456,Midbrain_awayfrom_boundary,4
656,cell_427,cell_435,86.17332376068629,Hindbrain_awayfrom_boundary,5
661,cell_429,cell_438,18.87900577958856,Midbrain_awayfrom_boundary,2
662,cell_429,cell_445,100.3234413195538,Midbrain_awayfrom_boundary,1
663,cell_429,cell_469,259.025576724992,Midbrain_awayfrom_boundary,2
664,cell_429,cell_470,95.89180464569964,Midbrain_awayfrom_boundary,1
665,cell_429,cell_481,256.794891083762,Midbrain_awayfrom_boundary,2
666,cell_431,cell_440,140.18915602139583,Hindbrain_awayfrom_boundary,2
667,cell_431,cell_463,156.77444752546674,Hindbrain_awayfrom_boundary,3
668,cell_431,cell_473,213.9980209368034,Hindbrain_awayfrom_boundary,3
669,cell_432,cell_440,105.64962347807293,Hindbrain_awayfrom_boundary,1
670,cell_432,cell_460,19.17672478669632,Hindbrain_awayfrom_boundary,1
671,cell_432,cell_467,215.5628491898756,Hindbrain_awayfrom_boundary,1
672,cell_432,cell_484,146.5125029103016,Hindbrain_awayfrom_boundary,1
675,cell_435,cell_452,200.7951990206872,Hindbrain_awayfrom_boundary,5
676,cell_435,cell_462,218.96775783077337,Hindbrain_awayfrom_boundary,5
677,cell_435,cell_463,223.4196957151765,Hindbrain_awayfrom_boundary,4
682,cell_438,cell_444,261.37279840219696,Midbrain_awayfrom_boundary,3
683,cell_438,cell_469,275.6950140728901,Midbrain_awayfrom_boundary,2
685,cell_440,cell_460,106.19605414950853,Hindbrain_awayfrom_boundary,2
686,cell_440,cell_473,201.9225589983882,Hindbrain_awayfrom_boundary,2
687,cell_440,cell_474,174.58568677393012,Hindbrain_awayfrom_boundary,2
688,cell_440,cell_482,253.1484539524251,Hindbrain_awayfrom_boundary,2
689,cell_440,cell_483,256.1609412879839,Hindbrain_awayfrom_boundary,2
694,cell_444,cell_469,125.77204320949728,Midbrain_awayfrom_boundary,2
695,cell_444,cell_489,104.42557305288608,Midbrain_awayfrom_boundary,3
696,cell_444,cell_505,40.54250787487828,Midbrain_awayfrom_boundary,2
697,cell_444,cell_522,108.63368704571414,Midbrain_awayfrom_boundary,3
699,cell_445,cell_470,61.47979826517891,Midbrain_awayfrom_boundary,1
716,cell_452,cell_462,213.3747502417697,Hindbrain_awayfrom_boundary,5
725,cell_457,cell_458,232.7395467425225,Midbrain_awayfrom_boundary,5
727,cell_458,cell_479,76.78470801163853,Midbrain_awayfrom_boundary,5
728,cell_458,cell_489,114.207759310099,Midbrain_awayfrom_boundary,4
729,cell_458,cell_495,70.16410764207262,Midbrain_awayfrom_boundary,5
730,cell_458,cell_506,96.29894621408545,Midbrain_awayfrom_boundary,4
731,cell_458,cell_507,81.15238104600664,Midbrain_awayfrom_boundary,5
735,cell_460,cell_482,267.7798541975008,Hindbrain_awayfrom_boundary,2
736,cell_460,cell_484,140.230163891435,Hindbrain_awayfrom_boundary,2
737,cell_460,cell_494,125.74582659690547,Hindbrain_awayfrom_boundary,2
739,cell_461,cell_475,307.4005744965185,heterotypic,0
740,cell_461,cell_491,345.5707055724883,heterotypic,0
742,cell_462,cell_463,11.510822465063171,Hindbrain_awayfrom_boundary,4
743,cell_462,cell_500,15.292058747593318,Hindbrain_awayfrom_boundary,5
744,cell_463,cell_473,202.1114409648775,Hindbrain_awayfrom_boundary,3
745,cell_463,cell_497,205.4685917817128,Hindbrain_awayfrom_boundary,4
746,cell_463,cell_500,13.221574748417083,Hindbrain_awayfrom_boundary,4
758,cell_467,cell_484,113.9383634887316,Hindbrain_awayfrom_boundary,1
760,cell_467,cell_503,96.99478217836678,Hindbrain_awayfrom_boundary,1
761,cell_467,cell_514,95.04893776069004,Hindbrain_awayfrom_boundary,1
764,cell_469,cell_481,5.633866746394796,Midbrain_awayfrom_boundary,2
765,cell_469,cell_505,88.36544947504747,Midbrain_awayfrom_boundary,2
766,cell_469,cell_511,285.29846211397404,Midbrain_awayfrom_boundary,1
767,cell_470,cell_481,239.7587407557011,Midbrain_awayfrom_boundary,1
768,cell_470,cell_493,284.86017132261225,Midbrain_awayfrom_boundary,1
769,cell_473,cell_474,57.05801306861389,Hindbrain_awayfrom_boundary,3
770,cell_473,cell_497,303.7833401703429,Hindbrain_awayfrom_boundary,3
771,cell_473,cell_510,263.1738621106132,Hindbrain_awayfrom_boundary,3
772,cell_474,cell_483,165.60014100604135,Hindbrain_awayfrom_boundary,3
773,cell_474,cell_510,255.09428562683672,Hindbrain_awayfrom_boundary,3
774,cell_474,cell_520,167.78204349177142,Hindbrain_awayfrom_boundary,3
775,cell_474,cell_524,183.3520610555882,Hindbrain_awayfrom_boundary,3
789,cell_481,cell_493,146.8326772691487,Midbrain_awayfrom_boundary,1
790,cell_481,cell_511,285.153991413473,Midbrain_awayfrom_boundary,1
791,cell_482,cell_483,148.32127504940152,Hindbrain_awayfrom_boundary,3
792,cell_482,cell_494,192.29276598653684,Hindbrain_awayfrom_boundary,3
793,cell_483,cell_494,244.1468767784729,Hindbrain_awayfrom_boundary,3
794,cell_483,cell_520,298.4597944435677,Hindbrain_awayfrom_boundary,3
795,cell_484,cell_494,141.9428968900128,Hindbrain_awayfrom_boundary,2
796,cell_484,cell_503,91.79717467830736,Hindbrain_awayfrom_boundary,2
797,cell_484,cell_516,59.14077072017481,Hindbrain_awayfrom_boundary,2
798,cell_484,cell_519,145.84817545390155,Hindbrain_awayfrom_boundary,2
808,cell_489,cell_506,70.47325743456953,Midbrain_awayfrom_boundary,4
809,cell_489,cell_522,70.75779003255046,Midbrain_awayfrom_boundary,3
810,cell_491,cell_493,165.7267712745404,heterotypic,0
812,cell_491,cell_521,216.2233823786325,heterotypic,0
817,cell_493,cell_511,177.2754389676776,Midbrain_awayfrom_boundary,1
819,cell_494,cell_519,191.42936852202152,Hindbrain_awayfrom_boundary,3
820,cell_494,cell_520,93.21868562657568,Hindbrain_awayfrom_boundary,3
821,cell_494,cell_529,164.8734959985704,Hindbrain_awayfrom_boundary,3
822,cell_494,cell_530,119.0105076300289,Hindbrain_awayfrom_boundary,3
823,cell_494,cell_537,141.28431924303098,Hindbrain_awayfrom_boundary,3
824,cell_495,cell_507,67.69317048925119,Midbrain_awayfrom_boundary,5
830,cell_497,cell_500,200.7401363602137,Hindbrain_awayfrom_boundary,4
831,cell_497,cell_510,140.66792634330062,Hindbrain_awayfrom_boundary,4
832,cell_497,cell_544,138.01752399775762,Hindbrain_awayfrom_boundary,4
835,cell_500,cell_527,148.96257492542065,Hindbrain_awayfrom_boundary,5
841,cell_503,cell_514,23.84683322821374,Hindbrain_awayfrom_boundary,1
842,cell_503,cell_516,66.35936310864231,Hindbrain_awayfrom_boundary,2
843,cell_503,cell_538,37.38874267819181,Hindbrain_awayfrom_boundary,2
844,cell_505,cell_511,162.68142690453158,Midbrain_awayfrom_boundary,1
845,cell_505,cell_522,89.00089674873206,Midbrain_awayfrom_boundary,2
846,cell_505,cell_539,50.40720897476878,Midbrain_awayfrom_boundary,1
847,cell_505,cell_540,87.44767540241703,Midbrain_awayfrom_boundary,1
848,cell_505,cell_550,353.3398205229583,Midbrain_awayfrom_boundary,2
849,cell_506,cell_507,92.12509727464716,Midbrain_awayfrom_boundary,4
850,cell_506,cell_522,14.240353958862732,Midbrain_awayfrom_boundary,3
851,cell_506,cell_547,54.216832732702144,Midbrain_awayfrom_boundary,4
852,cell_506,cell_548,94.59753030977332,Midbrain_awayfrom_boundary,4
853,cell_507,cell_526,69.84188237981186,Midbrain_awayfrom_boundary,5
854,cell_507,cell_548,172.00907780468782,Midbrain_awayfrom_boundary,5
855,cell_507,cell_549,141.16914562846762,Midbrain_awayfrom_boundary,5
857,cell_510,cell_524,162.76376835261522,Hindbrain_awayfrom_boundary,4
858,cell_510,cell_544,7.508385317059373,Hindbrain_awayfrom_boundary,4
859,cell_510,cell_577,251.6217892717244,Hindbrain_awayfrom_boundary,4
861,cell_511,cell_540,114.52366143268604,Midbrain_awayfrom_boundary,1
868,cell_514,cell_538,37.95394288002947,Hindbrain_awayfrom_boundary,1
871,cell_516,cell_519,108.60403711594638,Hindbrain_awayfrom_boundary,3
872,cell_516,cell_546,46.46675908580712,Hindbrain_awayfrom_boundary,2
873,cell_516,cell_556,70.52613677019093,Hindbrain_awayfrom_boundary,3
876,cell_519,cell_529,147.4823705458141,Hindbrain_awayfrom_boundary,3
877,cell_519,cell_537,171.04577152677845,Hindbrain_awayfrom_boundary,3
878,cell_519,cell_556,131.39218534740226,Hindbrain_awayfrom_boundary,3
879,cell_519,cell_585,170.7388517579596,Hindbrain_awayfrom_boundary,3
880,cell_520,cell_524,137.7673742528315,Hindbrain_awayfrom_boundary,4
881,cell_520,cell_530,132.14117610401937,Hindbrain_awayfrom_boundary,4
882,cell_520,cell_559,238.06008589968687,Hindbrain_awayfrom_boundary,4
883,cell_520,cell_563,296.28401442560056,Hindbrain_awayfrom_boundary,4
884,cell_520,cell_564,284.0194647169905,Hindbrain_awayfrom_boundary,4
885,cell_521,cell_523,215.5602717607831,heterotypic,0
889,cell_522,cell_547,53.008291826023246,Midbrain_awayfrom_boundary,3
890,cell_522,cell_550,387.55667368346144,Midbrain_awayfrom_boundary,2
891,cell_522,cell_557,117.72350493408304,Midbrain_awayfrom_boundary,3
893,cell_524,cell_559,214.95455560334048,Hindbrain_awayfrom_boundary,4
894,cell_524,cell_577,254.60559028823124,Hindbrain_awayfrom_boundary,4
908,cell_529,cell_537,68.34369683906807,Hindbrain_awayfrom_boundary,4
909,cell_530,cell_537,144.34064262810185,Hindbrain_awayfrom_boundary,4
910,cell_530,cell_563,286.2383981762522,Hindbrain_awayfrom_boundary,4
920,cell_537,cell_563,212.23098468820584,Hindbrain_awayfrom_boundary,4
921,cell_537,cell_585,180.2471316236476,Hindbrain_awayfrom_boundary,4
922,cell_537,cell_590,181.3615499372903,Hindbrain_awayfrom_boundary,4
923,cell_538,cell_546,15.927870856758886,Hindbrain_awayfrom_boundary,2
924,cell_538,cell_574,78.65601667254707,Hindbrain_awayfrom_boundary,1
925,cell_539,cell_540,123.2993722684154,Midbrain_awayfrom_boundary,1
926,cell_539,cell_550,359.4993901828329,Midbrain_awayfrom_boundary,1
927,cell_539,cell_558,296.4206574772775,Midbrain_awayfrom_boundary,1
928,cell_539,cell_568,204.10819629171388,Midbrain_awayfrom_boundary,1
932,cell_544,cell_577,247.0092810619828,Hindbrain_awayfrom_boundary,5
937,cell_546,cell_556,70.8946921657967,Hindbrain_awayfrom_boundary,2
938,cell_546,cell_574,80.42487066848939,Hindbrain_awayfrom_boundary,1
939,cell_546,cell_584,84.24054399928984,Hindbrain_awayfrom_boundary,2
940,cell_546,cell_592,373.4725119189049,Hindbrain_awayfrom_boundary,2
941,cell_547,cell_548,56.61254693956713,Midbrain_awayfrom_boundary,4
942,cell_547,cell_557,125.20658906249987,Midbrain_awayfrom_boundary,3
943,cell_547,cell_583,165.42718967406944,Midbrain_awayfrom_boundary,4
944,cell_548,cell_549,109.68846920417836,Midbrain_awayfrom_boundary,5
945,cell_548,cell_583,201.56444143031976,Midbrain_awayfrom_boundary,4
946,cell_548,cell_587,179.37362639859978,Midbrain_awayfrom_boundary,5
948,cell_549,cell_587,158.36504537902124,Midbrain_awayfrom_boundary,5
950,cell_550,cell_557,355.717938013556,Midbrain_awayfrom_boundary,2
951,cell_550,cell_568,408.77351201019513,Midbrain_awayfrom_boundary,2
952,cell_550,cell_580,332.270475864749,Midbrain_awayfrom_boundary,2
955,cell_552,cell_574,44.741007402695125,Hindbrain_awayfrom_boundary,1
966,cell_556,cell_584,80.45968610154642,Hindbrain_awayfrom_boundary,3
967,cell_556,cell_585,129.49671676680506,Hindbrain_awayfrom_boundary,3
968,cell_557,cell_580,77.65754450927253,Midbrain_awayfrom_boundary,3
969,cell_557,cell_583,182.3944614608237,Midbrain_awayfrom_boundary,3
970,cell_557,cell_595,74.23844237683826,Midbrain_awayfrom_boundary,3
971,cell_558,cell_566,257.54399580126693,heterotypic,0
972,cell_558,cell_568,192.4343622245461,Midbrain_awayfrom_boundary,1
974,cell_558,cell_594,192.5799400077273,Midbrain_awayfrom_boundary,1
975,cell_559,cell_564,176.50982547530307,Hindbrain_awayfrom_boundary,5
976,cell_559,cell_577,301.2123308893649,Hindbrain_awayfrom_boundary,5
977,cell_559,cell_586,187.2229569542675,Hindbrain_awayfrom_boundary,5
984,cell_563,cell_564,104.07694357253963,Hindbrain_awayfrom_boundary,5
985,cell_563,cell_590,216.556009816926,Hindbrain_awayfrom_boundary,5
986,cell_564,cell_586,194.1699576606907,Hindbrain_awayfrom_boundary,5
989,cell_566,cell_593,241.0326894335309,heterotypic,0
994,cell_568,cell_580,99.25604386968052,Midbrain_awayfrom_boundary,2
995,cell_568,cell_594,0.4659855590957461,Midbrain_awayfrom_boundary,1
996,cell_568,cell_620,86.5590022919766,Midbrain_awayfrom_boundary,2
1008,cell_574,cell_592,359.1612206532029,Hindbrain_awayfrom_boundary,1
1010,cell_574,cell_623,164.336135351413,Hindbrain_awayfrom_boundary,1
1015,cell_577,cell_581,140.79607145502433,Hindbrain_awayfrom_boundary,5
1016,cell_577,cell_586,99.18734534085291,Hindbrain_awayfrom_boundary,5
1017,cell_577,cell_608,171.87136259202873,Hindbrain_awayfrom_boundary,5
1021,cell_580,cell_595,8.098344031942071,Midbrain_awayfrom_boundary,3
1022,cell_580,cell_620,53.00103409448619,Midbrain_awayfrom_boundary,2
1023,cell_580,cell_636,48.20021475389594,Midbrain_awayfrom_boundary,3
1029,cell_583,cell_587,173.85492887355207,Midbrain_awayfrom_boundary,4
1030,cell_583,cell_595,156.080750837196,Midbrain_awayfrom_boundary,4
1031,cell_583,cell_618,191.8315719388137,Midbrain_awayfrom_boundary,4
1032,cell_584,cell_585,110.936479286287,Hindbrain_awayfrom_boundary,3
1033,cell_584,cell_592,388.6248195068082,Hindbrain_awayfrom_boundary,2
1034,cell_585,cell_590,34.85131485666618,Hindbrain_awayfrom_boundary,4
1035,cell_585,cell_617,8.264098680602645,Hindbrain_awayfrom_boundary,4
1036,cell_587,cell_601,160.77268261776402,Midbrain_awayfrom_boundary,5
1037,cell_587,cell_612,107.1300209324464,Midbrain_awayfrom_boundary,5
1038,cell_587,cell_618,191.65665884089648,Midbrain_awayfrom_boundary,4
1044,cell_590,cell_617,27.98832937918331,Hindbrain_awayfrom_boundary,5
1048,cell_592,cell_623,422.7032186621996,Hindbrain_awayfrom_boundary,1
1049,cell_592,cell_631,421.7540184534095,Hindbrain_awayfrom_boundary,2
1051,cell_593,cell_599,88.85582069476771,heterotypic,0
1056,cell_594,cell_615,60.72372092778611,Midbrain_awayfrom_boundary,1
1057,cell_594,cell_620,86.62331556587786,Midbrain_awayfrom_boundary,1
1058,cell_595,cell_618,42.27640425697511,Midbrain_awayfrom_boundary,4
1059,cell_595,cell_636,53.398953284980585,Midbrain_awayfrom_boundary,3
1063,cell_599,cell_645,10.1488540478226,heterotypic,0
1067,cell_601,cell_612,180.9141229998507,Midbrain_awayfrom_boundary,5
1069,cell_601,cell_638,133.42828620981751,Midbrain_awayfrom_boundary,5
1076,cell_606,cell_645,26.659196376971646,heterotypic,0
1083,cell_612,cell_618,211.5006968195135,Midbrain_awayfrom_boundary,4
1084,cell_612,cell_638,280.96490728926744,Midbrain_awayfrom_boundary,5
1089,cell_615,cell_620,36.0058172811973,Midbrain_awayfrom_boundary,1
1090,cell_615,cell_626,0.8386323133289617,Midbrain_awayfrom_boundary,1
1096,cell_618,cell_636,59.06413073264489,Midbrain_awayfrom_boundary,3
1097,cell_618,cell_638,139.76092453114055,Midbrain_awayfrom_boundary,4
1098,cell_618,cell_670,123.40206506582204,Midbrain_awayfrom_boundary,4
1102,cell_620,cell_626,36.78604510647125,Midbrain_awayfrom_boundary,1
1103,cell_620,cell_636,87.1978382157553,Midbrain_awayfrom_boundary,2
1104,cell_620,cell_639,39.09838614868652,Midbrain_awayfrom_boundary,1
1105,cell_620,cell_664,72.43264044324637,Midbrain_awayfrom_boundary,2
1110,cell_623,cell_631,3.436517191149692,Hindbrain_awayfrom_boundary,1
1111,cell_624,cell_638,161.54911839392292,Midbrain_awayfrom_boundary,5
1116,cell_626,cell_639,2.5538369923508024,Midbrain_awayfrom_boundary,1
1117,cell_631,cell_649,47.54479193087872,Hindbrain_awayfrom_boundary,2
1128,cell_636,cell_664,98.72953289334046,Midbrain_awayfrom_boundary,3
1129,cell_636,cell_670,97.88506029494192,Midbrain_awayfrom_boundary,3
1133,cell_638,cell_657,63.03635253545831,Midbrain_awayfrom_boundary,5
1134,cell_638,cell_670,184.4548633058268,Midbrain_awayfrom_boundary,4
1135,cell_638,cell_686,295.845112481451,Midbrain_awayfrom_boundary,4
1136,cell_638,cell_690,147.30638630043342,Midbrain_awayfrom_boundary,5
1137,cell_638,cell_694,283.01423371974323,Midbrain_awayfrom_boundary,4
1149,cell_645,cell_710,121.42017936285256,heterotypic,0
1160,cell_657,cell_690,129.6884916197188,Midbrain_awayfrom_boundary,5
1165,cell_662,cell_690,156.3431450974548,Midbrain_awayfrom_boundary,5
1167,cell_664,cell_670,19.05951650824829,Midbrain_awayfrom_boundary,3
1168,cell_664,cell_686,244.7532239810096,Midbrain_awayfrom_boundary,3
1169,cell_664,cell_708,254.6018877968432,Midbrain_awayfrom_boundary,3
1180,cell_670,cell_686,235.01182082587783,Midbrain_awayfrom_boundary,4
1194,cell_686,cell_694,72.86809548802945,Midbrain_awayfrom_boundary,4
1195,cell_686,cell_708,189.36119719447143,Midbrain_awayfrom_boundary,4
1199,cell_690,cell_693,132.22315880930415,Midbrain_awayfrom_boundary,5
1200,cell_690,cell_694,177.24528570840462,Midbrain_awayfrom_boundary,4
1201,cell_690,cell_713,166.9989933147761,Midbrain_awayfrom_boundary,5
1202,cell_690,cell_719,103.99425115634642,Midbrain_awayfrom_boundary,5
1204,cell_693,cell_719,154.73295834344464,Midbrain_awayfrom_boundary,5
1207,cell_694,cell_708,202.4984706081212,Midbrain_awayfrom_boundary,4
1208,cell_694,cell_713,88.05143900952768,Midbrain_awayfrom_boundary,4
1209,cell_694,cell_729,235.1724551026257,Midbrain_awayfrom_boundary,3
1210,cell_694,cell_741,162.37729537446677,Midbrain_awayfrom_boundary,4
1221,cell_708,cell_729,100.4896679661518,Midbrain_awayfrom_boundary,3
1224,cell_713,cell_719,230.6108651339215,Midbrain_awayfrom_boundary,5
1225,cell_713,cell_741,144.26917743390393,Midbrain_awayfrom_boundary,4
1229,cell_719,cell_732,78.58820085779757,Midbrain_awayfrom_boundary,5
1230,cell_719,cell_741,179.57437642233677,Midbrain_awayfrom_boundary,4
1231,cell_719,cell_751,52.75128658942762,Midbrain_awayfrom_boundary,5
1244,cell_729,cell_741,181.44580540084232,Midbrain_awayfrom_boundary,3
1245,cell_732,cell_751,38.17243850888645,Midbrain_awayfrom_boundary,5
1251,cell_741,cell_751,167.04445909408713,Midbrain_awayfrom_boundary,4
1252,cell_741,cell_759,243.86408299630384,Midbrain_awayfrom_boundary,4
1256,cell_751,cell_762,125.98497667870552,Midbrain_awayfrom_boundary,5
1257,cell_751,cell_769,110.06388069162315,Midbrain_awayfrom_boundary,5
